Column 1	As	Bs	Cs	Ds	Es	Fs	Gs	Hs	Is	Js	Ks	Ls
A	1.14	1.17	1.17	1.17	1.17	1.16	1.16	1.16	1.14	1.15	1.15	1.15
B	1.17	1.22	1.21	1.21	1.2	1.2	1.21	1.18	1.18	1.18	1.18	1.18
C	1.16	1.2	1.2	1.2	1.19	1.19	1.19	1.17	1.16	1.16	1.17	1.17
D	1.17	1.21	1.19	1.19	1.19	1.19	1.19	1.17	1.16	1.17	1.17	1.17
E	1.16	1.2	1.19	1.19	1.18	1.19	1.19	1.16	1.17	1.16	1.16	1.17
F	1.17	1.2	1.2	1.19	1.19	1.2	1.2	1.16	1.17	1.17	1.17	1.17
G	1.17	1.21	1.2	1.2	1.19	1.2	1.19	1.17	1.16	1.18	1.17	1.17
H	1.15	1.18	1.17	1.18	1.17	1.17	1.18	1.15	1.15	1.15	1.15	1.16
I	1.15	1.18	1.16	1.17	1.16	1.17	1.17	1.16	1.15	1.15	1.15	1.15
J	1.15	1.18	1.17	1.17	1.16	1.17	1.16	1.15	1.15	1.15	1.16	1.15
K	1.15	1.18	1.17	1.17	1.17	1.17	1.17	1.15	1.15	1.15	1.15	1.15
L	1.15	1.18	1.16	1.17	1.17	1.17	1.16	1.15	1.15	1.15	1.14	1.14