Column 1	A	B	C	D	E	F	G	H	I	J	K	L
A	-0.0074	-0.185	-0.099	-0.0757	-0.0778	-0.1	-0.1171	-0.0326	-0.0272	-0.0324	-0.291	-0.039
B	0.1895	-0.0056	0.0588	0.454	0.0871	0.0837	0.0602	0.1495	0.1434	0.1894	0.1866	0.1526
C	0.0842	-0.095	-0.0103	0.027	-0.0056	-0.0017	-0.012	0.0648	0.0557	0.0672	0.0732	0.053
D	0.0547	-0.0525	-0.043	-0.0135	-0.0365	-0.0127	-0.032	0.035	0.0444	0.0383	0.0395	0.0367
E	0.0759	-0.1062	-0.0107	0.001	-0.0071	-0.0106	-0.0224	0.0518	0.0596	0.0352	0.0389	0.0351
F	0.0729	-0.0924	-0.0097	0.0261	-0.0045	-0.0094	-0.0204	0.0718	0.0608	0.0472	0.0561	0.0549
G	0.0926	-0.0696	0.0054	0.0263	0.0043	-0.0018	-0.0054	0.0773	0.0727	0.0632	0.0728	0.0617
H	0.0299	-0.1482	-0.071	-0.0397	-0.0533	-0.0599	-0.0833	0	0.0021	-0.0165	0.0044	-0.0105
I	0.0116	-0.1272	-0.0737	-0.0485	-0.0656	-0.0589	-0.0847	-0.0045	-0.0074	-0.0085	-0.0013	-0.0147
J	0.0302	-0.1709	-0.0812	-0.0522	-0.0535	-0.053	-0.0925	0.0078	0.0104	-0.0164	-0.0175	-0.0146
K	0.0169	-0.1699	-0.0757	-0.0646	-0.0648	-0.0587	-0.0868	-0.0167	0.0013	-0.0189	0.0176	-0.0155
L	0.0314	-0.1733	-0.0686	-0.0371	-0.0551	-0.051	-0.0689	-0.0001	0.0019	0.0003	-0.0021	-0.0095