episode,reward
0,0.008
100,0.0145
200,0.0345
300,0.0075
400,-0.033
500,0.0245
600,-0.0205
700,-0.0265
800,-0.012
900,0.023
1000,0.009
1100,0.01
1200,0.005
1300,0.0405
1400,0.054
1500,0.02
1600,0.018
1700,-0.012
1800,0.0275
1900,0.001
2000,0.0105
2100,0.022
2200,-0.005
2300,0.034
2400,0.003
2500,0.0
2600,0.03
2700,0.028
2800,0.0215
2900,-0.0015
3000,0.0075
3100,0.0165
3200,0.042
3300,0.025
3400,0.004
3500,0.0375
3600,0.045
3700,0.03
3800,0.056
3900,0.015
4000,0.0735
4100,0.025
4200,-0.043
4300,-0.0075
4400,-0.0085
4500,-0.0025
4600,0.046
4700,-0.01
4800,-0.009
4900,0.0065
