episode,reward,agent
0,-0.017,0
0,0.0315,1
0,-0.013,2
0,0.0195,3
100,-0.0235,0
100,-0.016,1
100,0.0115,2
100,-0.006,3
200,-0.0055,0
200,0.013,1
200,0.0325,2
200,0.053,3
300,-0.021,0
300,-0.015,1
300,0.067,2
300,-0.0065,3
400,0.021,0
400,0.003,1
400,-0.0315,2
400,0.011,3
500,0.062,0
500,-0.0275,1
500,0.029,2
500,0.0385,3
600,-0.0205,0
600,0.018,1
600,0.0175,2
600,-0.02,3
700,-0.0135,0
700,0.0615,1
700,0.0175,2
700,0.0075,3
800,0.013,0
800,-0.0035,1
800,0.0325,2
800,-0.009,3
900,0.001,0
900,-0.005,1
900,0.046,2
900,-0.015,3
1000,0.019,0
1000,0.0305,1
1000,-0.0285,2
1000,0.0235,3
1100,0.0045,0
1100,0.036,1
1100,-0.047,2
1100,0.0165,3
1200,-0.0265,0
1200,-0.0175,1
1200,-0.001,2
1200,0.0515,3
1300,-0.0085,0
1300,0.019,1
1300,0.03,2
1300,0.037,3
1400,-0.026,0
1400,0.0265,1
1400,-0.056,2
1400,0.017,3
1500,0.0085,0
1500,0.05,1
1500,-0.017,2
1500,0.0315,3
1600,-0.042,0
1600,0.0075,1
1600,-0.055,2
1600,0.0265,3
1700,-0.0485,0
1700,0.0115,1
1700,-0.0015,2
1700,-0.0235,3
1800,-0.035,0
1800,0.0025,1
1800,-0.007,2
1800,0.0515,3
1900,-0.04,0
1900,0.0215,1
1900,-0.033,2
1900,-0.011,3
2000,-0.0375,0
2000,-0.0175,1
2000,-0.0355,2
2000,0.0375,3
2100,-0.0225,0
2100,0.0465,1
2100,0.0095,2
2100,-0.0235,3
2200,-0.0245,0
2200,0.0275,1
2200,-0.027,2
2200,-0.0045,3
2300,0.01,0
2300,0.049,1
2300,-0.044,2
2300,0.0025,3
2400,0.0075,0
2400,0.031,1
2400,-0.019,2
2400,0.0385,3
2500,-0.0635,0
2500,0.032,1
2500,-0.064,2
2500,0.0325,3
2600,-0.0235,0
2600,0.061,1
2600,-0.0585,2
2600,0.011,3
2700,-0.0865,0
2700,0.0275,1
2700,-0.05,2
2700,0.073,3
2800,-0.0035,0
2800,0.002,1
2800,-0.041,2
2800,0.0665,3
2900,-0.0135,0
2900,0.02,1
2900,-0.015,2
2900,0.012,3
3000,-0.0225,0
3000,0.0425,1
3000,-0.031,2
3000,0.0095,3
3100,-0.0515,0
3100,0.027,1
3100,-0.0415,2
3100,0.032,3
3200,-0.046,0
3200,0.0345,1
3200,-0.026,2
3200,0.002,3
3300,-0.047,0
3300,0.0325,1
3300,-0.016,2
3300,0.0255,3
3400,-0.0115,0
3400,0.0415,1
3400,-0.098,2
3400,0.0565,3
3500,-0.08,0
3500,0.08,1
3500,-0.0095,2
3500,0.066,3
3600,-0.06,0
3600,0.0555,1
3600,-0.014,2
3600,0.0735,3
3700,-0.023,0
3700,0.0335,1
3700,-0.051,2
3700,0.0155,3
3800,0.0025,0
3800,0.035,1
3800,-0.0575,2
3800,0.0095,3
3900,-0.0235,0
3900,0.0525,1
3900,-0.0515,2
3900,0.037,3
4000,-0.016,0
4000,0.0375,1
4000,-0.068,2
4000,0.069,3
4100,-0.003,0
4100,0.0285,1
4100,-0.0555,2
4100,0.05,3
4200,-0.0255,0
4200,0.076,1
4200,-0.04,2
4200,0.03,3
4300,-0.038,0
4300,0.0355,1
4300,-0.0595,2
4300,0.0825,3
4400,-0.035,0
4400,0.018,1
4400,-0.066,2
4400,0.085,3
4500,-0.056,0
4500,0.081,1
4500,-0.0745,2
4500,0.021,3
4600,-0.0565,0
4600,0.078,1
4600,-0.0835,2
4600,0.0535,3
4700,-0.0355,0
4700,0.074,1
4700,-0.07,2
4700,0.069,3
4800,-0.0575,0
4800,0.039,1
4800,-0.0545,2
4800,-0.018,3
4900,-0.08,0
4900,-0.0135,1
4900,-0.0215,2
4900,0.0505,3
5000,-0.0245,0
5000,0.0235,1
5000,-0.0495,2
5000,-0.0255,3
5100,-0.05,0
5100,0.08,1
5100,-0.038,2
5100,0.023,3
5200,-0.0525,0
5200,0.0825,1
5200,-0.055,2
5200,0.0475,3
5300,-0.0785,0
5300,0.0655,1
5300,0.0025,2
5300,0.0535,3
5400,-0.0535,0
5400,0.084,1
5400,-0.1105,2
5400,0.0015,3
5500,-0.0455,0
5500,0.02,1
5500,-0.071,2
5500,0.035,3
5600,-0.0485,0
5600,0.0675,1
5600,-0.086,2
5600,0.0265,3
5700,-0.085,0
5700,0.0715,1
5700,-0.0505,2
5700,0.055,3
5800,-0.0645,0
5800,0.012,1
5800,-0.0675,2
5800,0.0545,3
5900,-0.0575,0
5900,0.0935,1
5900,-0.067,2
5900,0.0125,3
6000,-0.0305,0
6000,0.051,1
6000,-0.098,2
6000,0.018,3
6100,-0.08,0
6100,-0.0225,1
6100,-0.072,2
6100,0.026,3
6200,-0.015,0
6200,0.022,1
6200,-0.0045,2
6200,0.0615,3
6300,-0.055,0
6300,0.068,1
6300,-0.0755,2
6300,0.0685,3
6400,-0.06,0
6400,0.0295,1
6400,-0.061,2
6400,0.056,3
6500,-0.0315,0
6500,0.0525,1
6500,-0.095,2
6500,0.0735,3
6600,-0.0605,0
6600,0.055,1
6600,-0.0595,2
6600,0.0725,3
6700,-0.0595,0
6700,0.042,1
6700,-0.0025,2
6700,0.0645,3
6800,-0.068,0
6800,0.1015,1
6800,-0.04,2
6800,0.087,3
6900,0.0105,0
6900,0.0385,1
6900,-0.053,2
6900,0.0555,3
7000,-0.055,0
7000,0.0535,1
7000,-0.061,2
7000,0.056,3
7100,-0.073,0
7100,0.035,1
7100,-0.0555,2
7100,0.059,3
7200,-0.0605,0
7200,0.0835,1
7200,-0.101,2
7200,0.0845,3
7300,-0.062,0
7300,0.0845,1
7300,-0.057,2
7300,0.079,3
7400,-0.0395,0
7400,0.0895,1
7400,-0.0455,2
7400,0.0355,3
7500,-0.081,0
7500,0.036,1
7500,-0.0905,2
7500,0.0525,3
7600,-0.0935,0
7600,0.0855,1
7600,-0.0995,2
7600,0.004,3
7700,-0.038,0
7700,0.0055,1
7700,-0.0435,2
7700,0.0975,3
7800,-0.119,0
7800,0.082,1
7800,-0.1255,2
7800,0.131,3
7900,-0.069,0
7900,0.0625,1
7900,-0.0605,2
7900,0.0685,3
8000,-0.0285,0
8000,0.0735,1
8000,-0.082,2
8000,0.1065,3
8100,-0.0775,0
8100,0.0955,1
8100,-0.102,2
8100,0.078,3
8200,-0.032,0
8200,0.0715,1
8200,-0.0445,2
8200,0.0345,3
8300,-0.058,0
8300,0.0625,1
8300,-0.0395,2
8300,0.119,3
8400,-0.1055,0
8400,0.085,1
8400,-0.0925,2
8400,0.089,3
8500,-0.088,0
8500,0.03,1
8500,-0.1165,2
8500,0.0945,3
8600,-0.0865,0
8600,0.068,1
8600,-0.072,2
8600,0.0535,3
8700,-0.0915,0
8700,0.078,1
8700,-0.081,2
8700,0.1035,3
8800,-0.062,0
8800,0.085,1
8800,-0.094,2
8800,0.066,3
8900,-0.0735,0
8900,0.1045,1
8900,-0.096,2
8900,0.077,3
9000,-0.1105,0
9000,0.0915,1
9000,-0.089,2
9000,0.0905,3
9100,-0.0525,0
9100,0.1275,1
9100,-0.0885,2
9100,0.0935,3
9200,-0.0665,0
9200,0.102,1
9200,-0.0475,2
9200,0.069,3
9300,-0.1205,0
9300,0.0715,1
9300,-0.0765,2
9300,0.0415,3
9400,-0.1525,0
9400,0.054,1
9400,-0.1235,2
9400,0.09,3
9500,-0.096,0
9500,0.0895,1
9500,-0.123,2
9500,0.09,3
9600,-0.0115,0
9600,0.052,1
9600,-0.057,2
9600,0.0375,3
9700,-0.0665,0
9700,0.079,1
9700,-0.0685,2
9700,0.0705,3
9800,-0.0755,0
9800,0.0395,1
9800,-0.048,2
9800,0.108,3
9900,-0.09,0
9900,0.1725,1
9900,-0.1045,2
9900,0.055,3
10000,-0.0655,0
10000,0.1145,1
10000,-0.0675,2
10000,0.097,3
10100,-0.057,0
10100,0.071,1
10100,-0.1085,2
10100,0.0895,3
10200,-0.094,0
10200,0.0545,1
10200,-0.101,2
10200,0.0935,3
10300,-0.0665,0
10300,0.1005,1
10300,-0.04,2
10300,0.1095,3
10400,-0.0195,0
10400,0.104,1
10400,-0.1015,2
10400,0.049,3
10500,-0.067,0
10500,0.0665,1
10500,-0.1025,2
10500,0.093,3
10600,-0.0405,0
10600,0.0935,1
10600,-0.046,2
10600,0.077,3
10700,-0.1075,0
10700,0.052,1
10700,-0.0875,2
10700,0.091,3
10800,-0.057,0
10800,0.095,1
10800,-0.0425,2
10800,0.0775,3
10900,-0.0675,0
10900,0.0885,1
10900,-0.103,2
10900,0.0175,3
11000,-0.0555,0
11000,0.1025,1
11000,-0.063,2
11000,0.0745,3
11100,-0.0835,0
11100,0.086,1
11100,-0.0725,2
11100,0.061,3
11200,-0.0765,0
11200,0.0665,1
11200,-0.1205,2
11200,0.057,3
11300,-0.076,0
11300,0.0525,1
11300,-0.123,2
11300,0.108,3
11400,-0.0825,0
11400,0.1235,1
11400,-0.059,2
11400,0.121,3
11500,-0.09,0
11500,0.0575,1
11500,-0.111,2
11500,0.0605,3
11600,-0.0705,0
11600,0.1075,1
11600,-0.037,2
11600,0.051,3
11700,-0.0855,0
11700,0.068,1
11700,-0.1035,2
11700,0.08,3
11800,-0.0815,0
11800,0.1155,1
11800,-0.063,2
11800,0.0695,3
11900,-0.0685,0
11900,0.0735,1
11900,-0.0865,2
11900,0.0715,3
12000,-0.0965,0
12000,0.0795,1
12000,-0.051,2
12000,0.087,3
12100,-0.092,0
12100,0.087,1
12100,-0.086,2
12100,0.108,3
12200,-0.0985,0
12200,0.133,1
12200,-0.064,2
12200,0.057,3
12300,-0.093,0
12300,0.1355,1
12300,-0.1135,2
12300,0.0945,3
12400,-0.0755,0
12400,0.0875,1
12400,-0.038,2
12400,0.086,3
12500,-0.0165,0
12500,0.1205,1
12500,-0.101,2
12500,0.116,3
12600,-0.107,0
12600,0.033,1
12600,-0.069,2
12600,0.105,3
12700,-0.0585,0
12700,0.089,1
12700,-0.104,2
12700,0.0825,3
12800,-0.084,0
12800,0.1055,1
12800,-0.0745,2
12800,0.087,3
12900,-0.078,0
12900,0.0895,1
12900,-0.0735,2
12900,0.104,3
13000,-0.063,0
13000,0.038,1
13000,-0.0725,2
13000,0.0515,3
13100,-0.0615,0
13100,0.0695,1
13100,-0.0645,2
13100,0.0545,3
13200,-0.085,0
13200,0.0605,1
13200,-0.0415,2
13200,0.0985,3
13300,-0.0225,0
13300,0.0895,1
13300,-0.0525,2
13300,0.0915,3
13400,-0.108,0
13400,0.114,1
13400,-0.0705,2
13400,0.0935,3
13500,-0.092,0
13500,0.1225,1
13500,-0.1315,2
13500,0.095,3
13600,-0.0285,0
13600,0.086,1
13600,-0.1055,2
13600,0.1,3
13700,-0.0985,0
13700,0.063,1
13700,-0.055,2
13700,0.1365,3
13800,-0.142,0
13800,0.074,1
13800,-0.096,2
13800,0.0285,3
13900,-0.0825,0
13900,0.0465,1
13900,-0.1595,2
13900,0.1215,3
14000,-0.0395,0
14000,0.119,1
14000,-0.124,2
14000,0.081,3
14100,-0.0815,0
14100,0.091,1
14100,-0.0645,2
14100,0.0735,3
14200,-0.0525,0
14200,0.06,1
14200,-0.033,2
14200,0.089,3
14300,-0.119,0
14300,0.0725,1
14300,-0.107,2
14300,0.0855,3
14400,-0.059,0
14400,0.044,1
14400,-0.064,2
14400,0.0845,3
14500,-0.0535,0
14500,0.116,1
14500,-0.0825,2
14500,0.1085,3
14600,-0.0415,0
14600,0.0785,1
14600,-0.1145,2
14600,0.072,3
14700,-0.0535,0
14700,0.138,1
14700,-0.0675,2
14700,0.078,3
14800,-0.05,0
14800,0.071,1
14800,-0.0665,2
14800,0.0825,3
14900,-0.033,0
14900,0.092,1
14900,-0.1015,2
14900,0.063,3
15000,-0.118,0
15000,0.074,1
15000,-0.1335,2
15000,0.067,3
15100,-0.089,0
15100,0.017,1
15100,-0.04,2
15100,0.0725,3
15200,-0.0745,0
15200,0.0945,1
15200,-0.0945,2
15200,0.135,3
15300,-0.056,0
15300,0.0385,1
15300,-0.0635,2
15300,0.085,3
15400,-0.0625,0
15400,0.067,1
15400,-0.0775,2
15400,0.0925,3
15500,-0.087,0
15500,0.057,1
15500,-0.0645,2
15500,0.112,3
15600,-0.11,0
15600,0.0425,1
15600,-0.1325,2
15600,0.0375,3
15700,-0.0945,0
15700,0.123,1
15700,-0.083,2
15700,0.056,3
15800,-0.084,0
15800,0.092,1
15800,-0.079,2
15800,0.066,3
15900,-0.0475,0
15900,0.0995,1
15900,-0.1325,2
15900,0.0865,3
16000,-0.1145,0
16000,0.0945,1
16000,-0.092,2
16000,0.0425,3
16100,-0.078,0
16100,0.059,1
16100,-0.0675,2
16100,0.0745,3
16200,-0.054,0
16200,0.0975,1
16200,-0.053,2
16200,0.1335,3
16300,-0.128,0
16300,0.1485,1
16300,-0.109,2
16300,0.094,3
16400,-0.051,0
16400,0.133,1
16400,-0.1015,2
16400,0.0405,3
16500,-0.074,0
16500,0.0935,1
16500,-0.104,2
16500,0.0995,3
16600,-0.0445,0
16600,0.087,1
16600,-0.1035,2
16600,0.089,3
16700,-0.145,0
16700,0.079,1
16700,-0.059,2
16700,0.095,3
16800,-0.108,0
16800,0.1195,1
16800,-0.0915,2
16800,0.0845,3
16900,-0.1145,0
16900,0.077,1
16900,-0.03,2
16900,0.129,3
17000,-0.064,0
17000,0.053,1
17000,-0.089,2
17000,0.0865,3
17100,-0.1225,0
17100,0.1225,1
17100,-0.1015,2
17100,0.0525,3
17200,-0.0845,0
17200,0.086,1
17200,-0.068,2
17200,0.1365,3
17300,-0.1025,0
17300,0.107,1
17300,-0.1555,2
17300,0.0985,3
17400,-0.065,0
17400,0.0445,1
17400,-0.0795,2
17400,0.0635,3
17500,-0.098,0
17500,0.1045,1
17500,-0.083,2
17500,0.0675,3
17600,-0.08,0
17600,0.074,1
17600,-0.058,2
17600,0.081,3
17700,-0.106,0
17700,0.0945,1
17700,-0.037,2
17700,0.0765,3
17800,-0.1295,0
17800,0.105,1
17800,-0.1205,2
17800,0.058,3
17900,-0.1025,0
17900,0.0725,1
17900,-0.084,2
17900,0.089,3
18000,-0.0825,0
18000,0.086,1
18000,-0.083,2
18000,0.081,3
18100,-0.072,0
18100,0.067,1
18100,-0.0245,2
18100,0.0945,3
18200,-0.058,0
18200,0.0785,1
18200,-0.1205,2
18200,0.1155,3
18300,-0.0625,0
18300,0.061,1
18300,-0.0845,2
18300,0.0975,3
18400,-0.108,0
18400,0.1145,1
18400,-0.1175,2
18400,0.071,3
18500,-0.111,0
18500,0.097,1
18500,-0.052,2
18500,0.1,3
18600,-0.1105,0
18600,0.11,1
18600,-0.083,2
18600,0.083,3
18700,-0.125,0
18700,0.097,1
18700,-0.096,2
18700,0.1045,3
18800,-0.1015,0
18800,0.0755,1
18800,-0.0805,2
18800,0.109,3
18900,-0.0775,0
18900,0.0455,1
18900,-0.07,2
18900,0.106,3
19000,-0.1085,0
19000,0.1085,1
19000,-0.1025,2
19000,0.1085,3
19100,-0.0495,0
19100,0.1205,1
19100,-0.0765,2
19100,0.078,3
19200,-0.0605,0
19200,0.0395,1
19200,-0.108,2
19200,0.0595,3
19300,-0.0995,0
19300,0.087,1
19300,-0.1125,2
19300,0.107,3
19400,-0.0855,0
19400,0.084,1
19400,-0.0995,2
19400,0.097,3
19500,-0.066,0
19500,0.1015,1
19500,-0.066,2
19500,0.078,3
19600,-0.066,0
19600,0.0695,1
19600,-0.1145,2
19600,0.07,3
19700,-0.0595,0
19700,0.1025,1
19700,-0.0795,2
19700,0.1305,3
19800,-0.033,0
19800,0.0955,1
19800,-0.1015,2
19800,0.096,3
19900,-0.055,0
19900,0.103,1
19900,-0.093,2
19900,0.1065,3
20000,-0.08,0
20000,0.06,1
20000,-0.0555,2
20000,0.036,3
20100,-0.0985,0
20100,0.088,1
20100,-0.109,2
20100,0.0915,3
20200,-0.067,0
20200,0.0585,1
20200,-0.063,2
20200,0.1155,3
20300,-0.1005,0
20300,0.078,1
20300,-0.112,2
20300,0.093,3
20400,-0.0615,0
20400,0.1595,1
20400,-0.0695,2
20400,0.059,3
20500,-0.1,0
20500,0.094,1
20500,-0.098,2
20500,0.127,3
20600,-0.065,0
20600,0.1055,1
20600,-0.0655,2
20600,0.1345,3
20700,-0.129,0
20700,0.0905,1
20700,-0.1095,2
20700,0.124,3
20800,-0.074,0
20800,0.0625,1
20800,-0.084,2
20800,0.0415,3
20900,-0.0345,0
20900,0.104,1
20900,-0.1055,2
20900,0.061,3
21000,-0.1065,0
21000,0.0625,1
21000,-0.108,2
21000,0.106,3
21100,-0.0745,0
21100,0.0775,1
21100,-0.0675,2
21100,0.0805,3
21200,-0.1015,0
21200,0.096,1
21200,-0.06,2
21200,0.08,3
21300,-0.1185,0
21300,0.089,1
21300,-0.1115,2
21300,0.1055,3
21400,-0.116,0
21400,0.0955,1
21400,-0.1255,2
21400,0.0915,3
21500,-0.1405,0
21500,0.1155,1
21500,-0.1325,2
21500,0.109,3
21600,-0.127,0
21600,0.08,1
21600,-0.113,2
21600,0.1195,3
21700,-0.05,0
21700,0.077,1
21700,-0.1005,2
21700,0.0695,3
21800,-0.031,0
21800,0.14,1
21800,-0.1035,2
21800,0.054,3
21900,-0.046,0
21900,0.02,1
21900,-0.085,2
21900,0.099,3
22000,-0.103,0
22000,0.092,1
22000,-0.069,2
22000,0.07,3
22100,-0.115,0
22100,0.0725,1
22100,-0.126,2
22100,0.112,3
22200,-0.076,0
22200,0.1195,1
22200,-0.117,2
22200,0.1065,3
22300,-0.092,0
22300,0.076,1
22300,-0.137,2
22300,0.0895,3
22400,-0.065,0
22400,0.078,1
22400,-0.0755,2
22400,0.0865,3
22500,-0.098,0
22500,0.0745,1
22500,-0.048,2
22500,0.1145,3
22600,-0.085,0
22600,0.066,1
22600,-0.0745,2
22600,0.088,3
22700,-0.029,0
22700,0.034,1
22700,-0.046,2
22700,0.0895,3
22800,-0.0435,0
22800,0.067,1
22800,-0.084,2
22800,0.0785,3
22900,-0.046,0
22900,0.066,1
22900,-0.0845,2
22900,0.121,3
23000,-0.0665,0
23000,0.0845,1
23000,-0.0615,2
23000,0.1145,3
23100,-0.101,0
23100,0.1475,1
23100,-0.1205,2
23100,0.0675,3
23200,-0.106,0
23200,0.12,1
23200,0.013,2
23200,0.1,3
23300,-0.069,0
23300,0.072,1
23300,-0.069,2
23300,0.0925,3
23400,-0.092,0
23400,0.068,1
23400,-0.0485,2
23400,0.082,3
23500,-0.051,0
23500,0.0525,1
23500,-0.09,2
23500,0.081,3
23600,-0.0945,0
23600,0.134,1
23600,-0.077,2
23600,0.0705,3
23700,-0.0385,0
23700,0.054,1
23700,-0.1055,2
23700,0.103,3
23800,-0.085,0
23800,0.0615,1
23800,-0.11,2
23800,0.0945,3
23900,-0.0855,0
23900,0.1105,1
23900,-0.0765,2
23900,0.0835,3
24000,-0.0805,0
24000,0.045,1
24000,-0.0725,2
24000,0.0415,3
24100,-0.0995,0
24100,0.079,1
24100,-0.097,2
24100,0.0745,3
24200,-0.0865,0
24200,0.105,1
24200,-0.108,2
24200,0.0935,3
24300,-0.142,0
24300,0.0805,1
24300,-0.082,2
24300,0.0775,3
24400,-0.085,0
24400,0.1075,1
24400,-0.0965,2
24400,0.0905,3
24500,-0.08,0
24500,0.0665,1
24500,-0.057,2
24500,0.121,3
24600,-0.06,0
24600,0.08,1
24600,-0.0745,2
24600,0.0585,3
24700,-0.0835,0
24700,0.0485,1
24700,-0.0555,2
24700,0.131,3
24800,-0.0535,0
24800,0.0715,1
24800,-0.116,2
24800,0.098,3
24900,-0.089,0
24900,0.044,1
24900,-0.077,2
24900,0.089,3
